epoch,train_loss,lr,epoch_time_sec
0,2.840084652940766,0.0003,16105.481871843338
