epoch,train_loss,lr,epoch_time_sec
0,3.3633207813499597,0.0003,6634.162650346756
1,2.5219372308412717,0.0003,6635.584568023682
2,2.1575291970279755,0.0002909538931178862,6577.274104833603
3,1.9947151060118458,0.00026490666646784665,6533.35936331749
4,1.8856717131514669,0.000225,6586.851669549942
